DateKey,Date,Day,DaySuffix,Weekday,WeekDayName,WeekDayName_Short,WeekDayName_FirstLetter,DOWInMonth,DayOfYear,WeekOfMonth,WeekOfYear,Month,MonthName,MonthName_Short,MonthName_FirstLetter,Quarter,QuarterName,Year,MMYYYY,MonthYear,IsWeekend,IsHoliday,HolidayName,SpecialDays,FinancialYear,FinancialQuater,FinancialMonth,FirstDateofYear,LastDateofYear,FirstDateofQuater,LastDateofQuater,FirstDateofMonth,LastDateofMonth,FirstDateofWeek,LastDateofWeek,CurrentYear,CurrentQuater,CurrentMonth,CurrentWeek,CurrentDay
20211225,2021-12-25,25,th,7,Saturday,SAT,S,25,359,4,52,12,December,DEC,D,4,fourth,2021,122021,2021DEC,True,True,Christmas,,,,,2021-01-01,2021-12-31,2022-01-01,2022-03-31,2021-12-01,2021-12-31,2021-12-19,2021-12-25,-1,-1,-3,-11,-71
20211226,2021-12-26,26,th,1,Sunday,SUN,S,26,360,5,53,12,December,DEC,D,4,fourth,2021,122021,2021DEC,True,False,,,,,,2021-01-01,2021-12-31,2022-01-01,2022-03-31,2021-12-01,2021-12-31,2021-12-26,2022-01-01,-1,-1,-3,-10,-70
20211227,2021-12-27,27,th,2,Monday,MON,M,27,361,5,53,12,December,DEC,D,4,fourth,2021,122021,2021DEC,False,False,,,,,,2021-01-01,2021-12-31,2022-01-01,2022-03-31,2021-12-01,2021-12-31,2021-12-26,2022-01-01,-1,-1,-3,-10,-69
20211228,2021-12-28,28,th,3,Tuesday,TUE,T,28,362,5,53,12,December,DEC,D,4,fourth,2021,122021,2021DEC,False,False,,,,,,2021-01-01,2021-12-31,2022-01-01,2022-03-31,2021-12-01,2021-12-31,2021-12-26,2022-01-01,-1,-1,-3,-10,-68
20211229,2021-12-29,29,th,4,Wednesday,WED,W,29,363,5,53,12,December,DEC,D,4,fourth,2021,122021,2021DEC,False,False,,,,,,2021-01-01,2021-12-31,2022-01-01,2022-03-31,2021-12-01,2021-12-31,2021-12-26,2022-01-01,-1,-1,-3,-10,-67
20211230,2021-12-30,30,th,5,Thursday,THU,T,30,364,5,53,12,December,DEC,D,4,fourth,2021,122021,2021DEC,False,False,,,,,,2021-01-01,2021-12-31,2022-01-01,2022-03-31,2021-12-01,2021-12-31,2021-12-26,2022-01-01,-1,-1,-3,-10,-66
20211231,2021-12-31,31,st,6,Friday,FRI,F,31,365,5,53,12,December,DEC,D,4,fourth,2021,122021,2021DEC,False,False,,,,,,2021-01-01,2021-12-31,2022-01-01,2022-03-31,2021-12-01,2021-12-31,2021-12-26,2022-01-01,-1,-1,-3,-10,-65
20220101,2022-01-01,1,st,7,Saturday,SAT,S,1,1,1,1,1,January,JAN,J,1,First,2022,012022,2022JAN,True,False,,,,,,2022-01-01,2022-12-31,2022-01-01,2022-03-31,2022-01-01,2022-01-31,2021-12-26,2022-01-01,0,0,-2,-10,-64
20220102,2022-01-02,2,nd,1,Sunday,SUN,S,2,2,2,2,1,January,JAN,J,1,First,2022,012022,2022JAN,True,False,,,,,,2022-01-01,2022-12-31,2022-01-01,2022-03-31,2022-01-01,2022-01-31,2022-01-02,2022-01-08,0,0,-2,-9,-63
20220103,2022-01-03,3,rd,2,Monday,MON,M,3,3,2,2,1,January,JAN,J,1,First,2022,012022,2022JAN,False,False,,,,,,2022-01-01,2022-12-31,2022-01-01,2022-03-31,2022-01-01,2022-01-31,2022-01-02,2022-01-08,0,0,-2,-9,-62
20220104,2022-01-04,4,th,3,Tuesday,TUE,T,4,4,2,2,1,January,JAN,J,1,First,2022,012022,2022JAN,False,False,,,,,,2022-01-01,2022-12-31,2022-01-01,2022-03-31,2022-01-01,2022-01-31,2022-01-02,2022-01-08,0,0,-2,-9,-61
20220105,2022-01-05,5,th,4,Wednesday,WED,W,5,5,2,2,1,January,JAN,J,1,First,2022,012022,2022JAN,False,False,,,,,,2022-01-01,2022-12-31,2022-01-01,2022-03-31,2022-01-01,2022-01-31,2022-01-02,2022-01-08,0,0,-2,-9,-60
20220106,2022-01-06,6,th,5,Thursday,THU,T,6,6,2,2,1,January,JAN,J,1,First,2022,012022,2022JAN,False,False,,,,,,2022-01-01,2022-12-31,2022-01-01,2022-03-31,2022-01-01,2022-01-31,2022-01-02,2022-01-08,0,0,-2,-9,-59
20220107,2022-01-07,7,th,6,Friday,FRI,F,7,7,2,2,1,January,JAN,J,1,First,2022,012022,2022JAN,False,False,,,,,,2022-01-01,2022-12-31,2022-01-01,2022-03-31,2022-01-01,2022-01-31,2022-01-02,2022-01-08,0,0,-2,-9,-58
20220108,2022-01-08,8,th,7,Saturday,SAT,S,8,8,2,2,1,January,JAN,J,1,First,2022,012022,2022JAN,True,False,,,,,,2022-01-01,2022-12-31,2022-01-01,2022-03-31,2022-01-01,2022-01-31,2022-01-02,2022-01-08,0,0,-2,-9,-57
20220109,2022-01-09,9,th,1,Sunday,SUN,S,9,9,3,3,1,January,JAN,J,1,First,2022,012022,2022JAN,True,False,,,,,,2022-01-01,2022-12-31,2022-01-01,2022-03-31,2022-01-01,2022-01-31,2022-01-09,2022-01-15,0,0,-2,-8,-56
20220110,2022-01-10,10,th,2,Monday,MON,M,10,10,3,3,1,January,JAN,J,1,First,2022,012022,2022JAN,False,False,,,,,,2022-01-01,2022-12-31,2022-01-01,2022-03-31,2022-01-01,2022-01-31,2022-01-09,2022-01-15,0,0,-2,-8,-55
20220111,2022-01-11,11,th,3,Tuesday,TUE,T,11,11,3,3,1,January,JAN,J,1,First,2022,012022,2022JAN,False,False,,,,,,2022-01-01,2022-12-31,2022-01-01,2022-03-31,2022-01-01,2022-01-31,2022-01-09,2022-01-15,0,0,-2,-8,-54
20220112,2022-01-12,12,th,4,Wednesday,WED,W,12,12,3,3,1,January,JAN,J,1,First,2022,012022,2022JAN,False,False,,,,,,2022-01-01,2022-12-31,2022-01-01,2022-03-31,2022-01-01,2022-01-31,2022-01-09,2022-01-15,0,0,-2,-8,-53
20220113,2022-01-13,13,th,5,Thursday,THU,T,13,13,3,3,1,January,JAN,J,1,First,2022,012022,2022JAN,False,False,,,,,,2022-01-01,2022-12-31,2022-01-01,2022-03-31,2022-01-01,2022-01-31,2022-01-09,2022-01-15,0,0,-2,-8,-52
20220114,2022-01-14,14,th,6,Friday,FRI,F,14,14,3,3,1,January,JAN,J,1,First,2022,012022,2022JAN,False,False,,,,,,2022-01-01,2022-12-31,2022-01-01,2022-03-31,2022-01-01,2022-01-31,2022-01-09,2022-01-15,0,0,-2,-8,-51
20220115,2022-01-15,15,th,7,Saturday,SAT,S,15,15,3,3,1,January,JAN,J,1,First,2022,012022,2022JAN,True,False,,,,,,2022-01-01,2022-12-31,2022-01-01,2022-03-31,2022-01-01,2022-01-31,2022-01-09,2022-01-15,0,0,-2,-8,-50
20220116,2022-01-16,16,th,1,Sunday,SUN,S,16,16,4,4,1,January,JAN,J,1,First,2022,012022,2022JAN,True,False,,,,,,2022-01-01,2022-12-31,2022-01-01,2022-03-31,2022-01-01,2022-01-31,2022-01-16,2022-01-22,0,0,-2,-7,-49
20220117,2022-01-17,17,th,2,Monday,MON,M,17,17,4,4,1,January,JAN,J,1,First,2022,012022,2022JAN,False,False,,,,,,2022-01-01,2022-12-31,2022-01-01,2022-03-31,2022-01-01,2022-01-31,2022-01-16,2022-01-22,0,0,-2,-7,-48
20220118,2022-01-18,18,th,3,Tuesday,TUE,T,18,18,4,4,1,January,JAN,J,1,First,2022,012022,2022JAN,False,False,,,,,,2022-01-01,2022-12-31,2022-01-01,2022-03-31,2022-01-01,2022-01-31,2022-01-16,2022-01-22,0,0,-2,-7,-47
20220119,2022-01-19,19,th,4,Wednesday,WED,W,19,19,4,4,1,January,JAN,J,1,First,2022,012022,2022JAN,False,False,,,,,,2022-01-01,2022-12-31,2022-01-01,2022-03-31,2022-01-01,2022-01-31,2022-01-16,2022-01-22,0,0,-2,-7,-46
20220120,2022-01-20,20,th,5,Thursday,THU,T,20,20,4,4,1,January,JAN,J,1,First,2022,012022,2022JAN,False,False,,,,,,2022-01-01,2022-12-31,2022-01-01,2022-03-31,2022-01-01,2022-01-31,2022-01-16,2022-01-22,0,0,-2,-7,-45
20220121,2022-01-21,21,st,6,Friday,FRI,F,21,21,4,4,1,January,JAN,J,1,First,2022,012022,2022JAN,False,False,,,,,,2022-01-01,2022-12-31,2022-01-01,2022-03-31,2022-01-01,2022-01-31,2022-01-16,2022-01-22,0,0,-2,-7,-44
20220122,2022-01-22,22,nd,7,Saturday,SAT,S,22,22,4,4,1,January,JAN,J,1,First,2022,012022,2022JAN,True,False,,,,,,2022-01-01,2022-12-31,2022-01-01,2022-03-31,2022-01-01,2022-01-31,2022-01-16,2022-01-22,0,0,-2,-7,-43
20220123,2022-01-23,23,rd,1,Sunday,SUN,S,23,23,5,5,1,January,JAN,J,1,First,2022,012022,2022JAN,True,False,,,,,,2022-01-01,2022-12-31,2022-01-01,2022-03-31,2022-01-01,2022-01-31,2022-01-23,2022-01-29,0,0,-2,-6,-42
20220124,2022-01-24,24,th,2,Monday,MON,M,24,24,5,5,1,January,JAN,J,1,First,2022,012022,2022JAN,False,False,,,,,,2022-01-01,2022-12-31,2022-01-01,2022-03-31,2022-01-01,2022-01-31,2022-01-23,2022-01-29,0,0,-2,-6,-41
20220125,2022-01-25,25,th,3,Tuesday,TUE,T,25,25,5,5,1,January,JAN,J,1,First,2022,012022,2022JAN,False,False,,,,,,2022-01-01,2022-12-31,2022-01-01,2022-03-31,2022-01-01,2022-01-31,2022-01-23,2022-01-29,0,0,-2,-6,-40
20220126,2022-01-26,26,th,4,Wednesday,WED,W,26,26,5,5,1,January,JAN,J,1,First,2022,012022,2022JAN,False,False,,,,,,2022-01-01,2022-12-31,2022-01-01,2022-03-31,2022-01-01,2022-01-31,2022-01-23,2022-01-29,0,0,-2,-6,-39
20220127,2022-01-27,27,th,5,Thursday,THU,T,27,27,5,5,1,January,JAN,J,1,First,2022,012022,2022JAN,False,False,,,,,,2022-01-01,2022-12-31,2022-01-01,2022-03-31,2022-01-01,2022-01-31,2022-01-23,2022-01-29,0,0,-2,-6,-38
20220128,2022-01-28,28,th,6,Friday,FRI,F,28,28,5,5,1,January,JAN,J,1,First,2022,012022,2022JAN,False,False,,,,,,2022-01-01,2022-12-31,2022-01-01,2022-03-31,2022-01-01,2022-01-31,2022-01-23,2022-01-29,0,0,-2,-6,-37
20220129,2022-01-29,29,th,7,Saturday,SAT,S,29,29,5,5,1,January,JAN,J,1,First,2022,012022,2022JAN,True,False,,,,,,2022-01-01,2022-12-31,2022-01-01,2022-03-31,2022-01-01,2022-01-31,2022-01-23,2022-01-29,0,0,-2,-6,-36
20220130,2022-01-30,30,th,1,Sunday,SUN,S,30,30,6,6,1,January,JAN,J,1,First,2022,012022,2022JAN,True,False,,,,,,2022-01-01,2022-12-31,2022-01-01,2022-03-31,2022-01-01,2022-01-31,2022-01-30,2022-02-05,0,0,-2,-5,-35
20220131,2022-01-31,31,st,2,Monday,MON,M,31,31,6,6,1,January,JAN,J,1,First,2022,012022,2022JAN,False,False,,,,,,2022-01-01,2022-12-31,2022-01-01,2022-03-31,2022-01-01,2022-01-31,2022-01-30,2022-02-05,0,0,-2,-5,-34
20220201,2022-02-01,1,st,3,Tuesday,TUE,T,1,32,1,6,2,February,FEB,F,1,First,2022,022022,2022FEB,False,False,,,,,,2022-01-01,2022-12-31,2022-01-01,2022-03-31,2022-02-01,2022-02-28,2022-01-30,2022-02-05,0,0,-1,-5,-33
20220202,2022-02-02,2,nd,4,Wednesday,WED,W,2,33,1,6,2,February,FEB,F,1,First,2022,022022,2022FEB,False,False,,,,,,2022-01-01,2022-12-31,2022-01-01,2022-03-31,2022-02-01,2022-02-28,2022-01-30,2022-02-05,0,0,-1,-5,-32
20220203,2022-02-03,3,rd,5,Thursday,THU,T,3,34,1,6,2,February,FEB,F,1,First,2022,022022,2022FEB,False,False,,,,,,2022-01-01,2022-12-31,2022-01-01,2022-03-31,2022-02-01,2022-02-28,2022-01-30,2022-02-05,0,0,-1,-5,-31
20220204,2022-02-04,4,th,6,Friday,FRI,F,4,35,1,6,2,February,FEB,F,1,First,2022,022022,2022FEB,False,False,,,,,,2022-01-01,2022-12-31,2022-01-01,2022-03-31,2022-02-01,2022-02-28,2022-01-30,2022-02-05,0,0,-1,-5,-30
20220205,2022-02-05,5,th,7,Saturday,SAT,S,5,36,1,6,2,February,FEB,F,1,First,2022,022022,2022FEB,True,False,,,,,,2022-01-01,2022-12-31,2022-01-01,2022-03-31,2022-02-01,2022-02-28,2022-01-30,2022-02-05,0,0,-1,-5,-29
20220206,2022-02-06,6,th,1,Sunday,SUN,S,6,37,2,7,2,February,FEB,F,1,First,2022,022022,2022FEB,True,False,,,,,,2022-01-01,2022-12-31,2022-01-01,2022-03-31,2022-02-01,2022-02-28,2022-02-06,2022-02-12,0,0,-1,-4,-28
20220207,2022-02-07,7,th,2,Monday,MON,M,7,38,2,7,2,February,FEB,F,1,First,2022,022022,2022FEB,False,False,,,,,,2022-01-01,2022-12-31,2022-01-01,2022-03-31,2022-02-01,2022-02-28,2022-02-06,2022-02-12,0,0,-1,-4,-27
20220208,2022-02-08,8,th,3,Tuesday,TUE,T,8,39,2,7,2,February,FEB,F,1,First,2022,022022,2022FEB,False,False,,,,,,2022-01-01,2022-12-31,2022-01-01,2022-03-31,2022-02-01,2022-02-28,2022-02-06,2022-02-12,0,0,-1,-4,-26
20220209,2022-02-09,9,th,4,Wednesday,WED,W,9,40,2,7,2,February,FEB,F,1,First,2022,022022,2022FEB,False,False,,,,,,2022-01-01,2022-12-31,2022-01-01,2022-03-31,2022-02-01,2022-02-28,2022-02-06,2022-02-12,0,0,-1,-4,-25
20220210,2022-02-10,10,th,5,Thursday,THU,T,10,41,2,7,2,February,FEB,F,1,First,2022,022022,2022FEB,False,False,,,,,,2022-01-01,2022-12-31,2022-01-01,2022-03-31,2022-02-01,2022-02-28,2022-02-06,2022-02-12,0,0,-1,-4,-24
20220211,2022-02-11,11,th,6,Friday,FRI,F,11,42,2,7,2,February,FEB,F,1,First,2022,022022,2022FEB,False,False,,,,,,2022-01-01,2022-12-31,2022-01-01,2022-03-31,2022-02-01,2022-02-28,2022-02-06,2022-02-12,0,0,-1,-4,-23
20220212,2022-02-12,12,th,7,Saturday,SAT,S,12,43,2,7,2,February,FEB,F,1,First,2022,022022,2022FEB,True,False,,,,,,2022-01-01,2022-12-31,2022-01-01,2022-03-31,2022-02-01,2022-02-28,2022-02-06,2022-02-12,0,0,-1,-4,-22
20220213,2022-02-13,13,th,1,Sunday,SUN,S,13,44,3,8,2,February,FEB,F,1,First,2022,022022,2022FEB,True,False,,,,,,2022-01-01,2022-12-31,2022-01-01,2022-03-31,2022-02-01,2022-02-28,2022-02-13,2022-02-19,0,0,-1,-3,-21
20220214,2022-02-14,14,th,2,Monday,MON,M,14,45,3,8,2,February,FEB,F,1,First,2022,022022,2022FEB,False,False,,Valentines Day,,,,2022-01-01,2022-12-31,2022-01-01,2022-03-31,2022-02-01,2022-02-28,2022-02-13,2022-02-19,0,0,-1,-3,-20
20220215,2022-02-15,15,th,3,Tuesday,TUE,T,15,46,3,8,2,February,FEB,F,1,First,2022,022022,2022FEB,False,False,,,,,,2022-01-01,2022-12-31,2022-01-01,2022-03-31,2022-02-01,2022-02-28,2022-02-13,2022-02-19,0,0,-1,-3,-19
20220216,2022-02-16,16,th,4,Wednesday,WED,W,16,47,3,8,2,February,FEB,F,1,First,2022,022022,2022FEB,False,False,,,,,,2022-01-01,2022-12-31,2022-01-01,2022-03-31,2022-02-01,2022-02-28,2022-02-13,2022-02-19,0,0,-1,-3,-18
20220217,2022-02-17,17,th,5,Thursday,THU,T,17,48,3,8,2,February,FEB,F,1,First,2022,022022,2022FEB,False,False,,,,,,2022-01-01,2022-12-31,2022-01-01,2022-03-31,2022-02-01,2022-02-28,2022-02-13,2022-02-19,0,0,-1,-3,-17
20220218,2022-02-18,18,th,6,Friday,FRI,F,18,49,3,8,2,February,FEB,F,1,First,2022,022022,2022FEB,False,False,,,,,,2022-01-01,2022-12-31,2022-01-01,2022-03-31,2022-02-01,2022-02-28,2022-02-13,2022-02-19,0,0,-1,-3,-16
20220219,2022-02-19,19,th,7,Saturday,SAT,S,19,50,3,8,2,February,FEB,F,1,First,2022,022022,2022FEB,True,False,,,,,,2022-01-01,2022-12-31,2022-01-01,2022-03-31,2022-02-01,2022-02-28,2022-02-13,2022-02-19,0,0,-1,-3,-15
20220220,2022-02-20,20,th,1,Sunday,SUN,S,20,51,4,9,2,February,FEB,F,1,First,2022,022022,2022FEB,True,False,,,,,,2022-01-01,2022-12-31,2022-01-01,2022-03-31,2022-02-01,2022-02-28,2022-02-20,2022-02-26,0,0,-1,-2,-14
20220221,2022-02-21,21,st,2,Monday,MON,M,21,52,4,9,2,February,FEB,F,1,First,2022,022022,2022FEB,False,False,,,,,,2022-01-01,2022-12-31,2022-01-01,2022-03-31,2022-02-01,2022-02-28,2022-02-20,2022-02-26,0,0,-1,-2,-13
20220222,2022-02-22,22,nd,3,Tuesday,TUE,T,22,53,4,9,2,February,FEB,F,1,First,2022,022022,2022FEB,False,False,,,,,,2022-01-01,2022-12-31,2022-01-01,2022-03-31,2022-02-01,2022-02-28,2022-02-20,2022-02-26,0,0,-1,-2,-12
20220223,2022-02-23,23,rd,4,Wednesday,WED,W,23,54,4,9,2,February,FEB,F,1,First,2022,022022,2022FEB,False,False,,,,,,2022-01-01,2022-12-31,2022-01-01,2022-03-31,2022-02-01,2022-02-28,2022-02-20,2022-02-26,0,0,-1,-2,-11
20220224,2022-02-24,24,th,5,Thursday,THU,T,24,55,4,9,2,February,FEB,F,1,First,2022,022022,2022FEB,False,False,,,,,,2022-01-01,2022-12-31,2022-01-01,2022-03-31,2022-02-01,2022-02-28,2022-02-20,2022-02-26,0,0,-1,-2,-10
20220225,2022-02-25,25,th,6,Friday,FRI,F,25,56,4,9,2,February,FEB,F,1,First,2022,022022,2022FEB,False,False,,,,,,2022-01-01,2022-12-31,2022-01-01,2022-03-31,2022-02-01,2022-02-28,2022-02-20,2022-02-26,0,0,-1,-2,-9
20220226,2022-02-26,26,th,7,Saturday,SAT,S,26,57,4,9,2,February,FEB,F,1,First,2022,022022,2022FEB,True,False,,,,,,2022-01-01,2022-12-31,2022-01-01,2022-03-31,2022-02-01,2022-02-28,2022-02-20,2022-02-26,0,0,-1,-2,-8
20220227,2022-02-27,27,th,1,Sunday,SUN,S,27,58,5,10,2,February,FEB,F,1,First,2022,022022,2022FEB,True,False,,,,,,2022-01-01,2022-12-31,2022-01-01,2022-03-31,2022-02-01,2022-02-28,2022-02-27,2022-03-05,0,0,-1,-1,-7
20220228,2022-02-28,28,th,2,Monday,MON,M,28,59,5,10,2,February,FEB,F,1,First,2022,022022,2022FEB,False,False,,,,,,2022-01-01,2022-12-31,2022-01-01,2022-03-31,2022-02-01,2022-02-28,2022-02-27,2022-03-05,0,0,-1,-1,-6
20220301,2022-03-01,1,st,3,Tuesday,TUE,T,1,60,1,10,3,March,MAR,M,1,First,2022,032022,2022MAR,False,False,,,,,,2022-01-01,2022-12-31,2022-01-01,2022-03-31,2022-03-01,2022-03-31,2022-02-27,2022-03-05,0,0,0,-1,-5
20220302,2022-03-02,2,nd,4,Wednesday,WED,W,2,61,1,10,3,March,MAR,M,1,First,2022,032022,2022MAR,False,False,,,,,,2022-01-01,2022-12-31,2022-01-01,2022-03-31,2022-03-01,2022-03-31,2022-02-27,2022-03-05,0,0,0,-1,-4
20220303,2022-03-03,3,rd,5,Thursday,THU,T,3,62,1,10,3,March,MAR,M,1,First,2022,032022,2022MAR,False,False,,,,,,2022-01-01,2022-12-31,2022-01-01,2022-03-31,2022-03-01,2022-03-31,2022-02-27,2022-03-05,0,0,0,-1,-3
20220304,2022-03-04,4,th,6,Friday,FRI,F,4,63,1,10,3,March,MAR,M,1,First,2022,032022,2022MAR,False,False,,,,,,2022-01-01,2022-12-31,2022-01-01,2022-03-31,2022-03-01,2022-03-31,2022-02-27,2022-03-05,0,0,0,-1,-2
20220305,2022-03-05,5,th,7,Saturday,SAT,S,5,64,1,10,3,March,MAR,M,1,First,2022,032022,2022MAR,True,False,,,,,,2022-01-01,2022-12-31,2022-01-01,2022-03-31,2022-03-01,2022-03-31,2022-02-27,2022-03-05,0,0,0,-1,-1
20220306,2022-03-06,6,th,1,Sunday,SUN,S,6,65,2,11,3,March,MAR,M,1,First,2022,032022,2022MAR,True,False,,,,,,2022-01-01,2022-12-31,2022-01-01,2022-03-31,2022-03-01,2022-03-31,2022-03-06,2022-03-12,0,0,0,0,0
20220307,2022-03-07,7,th,2,Monday,MON,M,7,66,2,11,3,March,MAR,M,1,First,2022,032022,2022MAR,False,False,,,,,,2022-01-01,2022-12-31,2022-01-01,2022-03-31,2022-03-01,2022-03-31,2022-03-06,2022-03-12,0,0,0,0,1
20220308,2022-03-08,8,th,3,Tuesday,TUE,T,8,67,2,11,3,March,MAR,M,1,First,2022,032022,2022MAR,False,False,,,,,,2022-01-01,2022-12-31,2022-01-01,2022-03-31,2022-03-01,2022-03-31,2022-03-06,2022-03-12,0,0,0,0,2
20220309,2022-03-09,9,th,4,Wednesday,WED,W,9,68,2,11,3,March,MAR,M,1,First,2022,032022,2022MAR,False,False,,,,,,2022-01-01,2022-12-31,2022-01-01,2022-03-31,2022-03-01,2022-03-31,2022-03-06,2022-03-12,0,0,0,0,3
20220310,2022-03-10,10,th,5,Thursday,THU,T,10,69,2,11,3,March,MAR,M,1,First,2022,032022,2022MAR,False,False,,,,,,2022-01-01,2022-12-31,2022-01-01,2022-03-31,2022-03-01,2022-03-31,2022-03-06,2022-03-12,0,0,0,0,4
20220311,2022-03-11,11,th,6,Friday,FRI,F,11,70,2,11,3,March,MAR,M,1,First,2022,032022,2022MAR,False,False,,,,,,2022-01-01,2022-12-31,2022-01-01,2022-03-31,2022-03-01,2022-03-31,2022-03-06,2022-03-12,0,0,0,0,5
20220312,2022-03-12,12,th,7,Saturday,SAT,S,12,71,2,11,3,March,MAR,M,1,First,2022,032022,2022MAR,True,False,,,,,,2022-01-01,2022-12-31,2022-01-01,2022-03-31,2022-03-01,2022-03-31,2022-03-06,2022-03-12,0,0,0,0,6
20220313,2022-03-13,13,th,1,Sunday,SUN,S,13,72,3,12,3,March,MAR,M,1,First,2022,032022,2022MAR,True,False,,,,,,2022-01-01,2022-12-31,2022-01-01,2022-03-31,2022-03-01,2022-03-31,2022-03-13,2022-03-19,0,0,0,1,7
20220314,2022-03-14,14,th,2,Monday,MON,M,14,73,3,12,3,March,MAR,M,1,First,2022,032022,2022MAR,False,False,,,,,,2022-01-01,2022-12-31,2022-01-01,2022-03-31,2022-03-01,2022-03-31,2022-03-13,2022-03-19,0,0,0,1,8
20220315,2022-03-15,15,th,3,Tuesday,TUE,T,15,74,3,12,3,March,MAR,M,1,First,2022,032022,2022MAR,False,False,,,,,,2022-01-01,2022-12-31,2022-01-01,2022-03-31,2022-03-01,2022-03-31,2022-03-13,2022-03-19,0,0,0,1,9
20220316,2022-03-16,16,th,4,Wednesday,WED,W,16,75,3,12,3,March,MAR,M,1,First,2022,032022,2022MAR,False,False,,,,,,2022-01-01,2022-12-31,2022-01-01,2022-03-31,2022-03-01,2022-03-31,2022-03-13,2022-03-19,0,0,0,1,10
20220317,2022-03-17,17,th,5,Thursday,THU,T,17,76,3,12,3,March,MAR,M,1,First,2022,032022,2022MAR,False,False,,,,,,2022-01-01,2022-12-31,2022-01-01,2022-03-31,2022-03-01,2022-03-31,2022-03-13,2022-03-19,0,0,0,1,11
20220318,2022-03-18,18,th,6,Friday,FRI,F,18,77,3,12,3,March,MAR,M,1,First,2022,032022,2022MAR,False,False,,,,,,2022-01-01,2022-12-31,2022-01-01,2022-03-31,2022-03-01,2022-03-31,2022-03-13,2022-03-19,0,0,0,1,12
20220319,2022-03-19,19,th,7,Saturday,SAT,S,19,78,3,12,3,March,MAR,M,1,First,2022,032022,2022MAR,True,False,,,,,,2022-01-01,2022-12-31,2022-01-01,2022-03-31,2022-03-01,2022-03-31,2022-03-13,2022-03-19,0,0,0,1,13
20220320,2022-03-20,20,th,1,Sunday,SUN,S,20,79,4,13,3,March,MAR,M,1,First,2022,032022,2022MAR,True,False,,,,,,2022-01-01,2022-12-31,2022-01-01,2022-03-31,2022-03-01,2022-03-31,2022-03-20,2022-03-26,0,0,0,2,14
20220321,2022-03-21,21,st,2,Monday,MON,M,21,80,4,13,3,March,MAR,M,1,First,2022,032022,2022MAR,False,False,,,,,,2022-01-01,2022-12-31,2022-01-01,2022-03-31,2022-03-01,2022-03-31,2022-03-20,2022-03-26,0,0,0,2,15
20220322,2022-03-22,22,nd,3,Tuesday,TUE,T,22,81,4,13,3,March,MAR,M,1,First,2022,032022,2022MAR,False,False,,,,,,2022-01-01,2022-12-31,2022-01-01,2022-03-31,2022-03-01,2022-03-31,2022-03-20,2022-03-26,0,0,0,2,16
20220323,2022-03-23,23,rd,4,Wednesday,WED,W,23,82,4,13,3,March,MAR,M,1,First,2022,032022,2022MAR,False,False,,,,,,2022-01-01,2022-12-31,2022-01-01,2022-03-31,2022-03-01,2022-03-31,2022-03-20,2022-03-26,0,0,0,2,17
20220324,2022-03-24,24,th,5,Thursday,THU,T,24,83,4,13,3,March,MAR,M,1,First,2022,032022,2022MAR,False,False,,,,,,2022-01-01,2022-12-31,2022-01-01,2022-03-31,2022-03-01,2022-03-31,2022-03-20,2022-03-26,0,0,0,2,18
20220325,2022-03-25,25,th,6,Friday,FRI,F,25,84,4,13,3,March,MAR,M,1,First,2022,032022,2022MAR,False,False,,,,,,2022-01-01,2022-12-31,2022-01-01,2022-03-31,2022-03-01,2022-03-31,2022-03-20,2022-03-26,0,0,0,2,19
20220326,2022-03-26,26,th,7,Saturday,SAT,S,26,85,4,13,3,March,MAR,M,1,First,2022,032022,2022MAR,True,False,,,,,,2022-01-01,2022-12-31,2022-01-01,2022-03-31,2022-03-01,2022-03-31,2022-03-20,2022-03-26,0,0,0,2,20
20220327,2022-03-27,27,th,1,Sunday,SUN,S,27,86,5,14,3,March,MAR,M,1,First,2022,032022,2022MAR,True,False,,,,,,2022-01-01,2022-12-31,2022-01-01,2022-03-31,2022-03-01,2022-03-31,2022-03-27,2022-04-02,0,0,0,3,21
20220328,2022-03-28,28,th,2,Monday,MON,M,28,87,5,14,3,March,MAR,M,1,First,2022,032022,2022MAR,False,False,,,,,,2022-01-01,2022-12-31,2022-01-01,2022-03-31,2022-03-01,2022-03-31,2022-03-27,2022-04-02,0,0,0,3,22
20220329,2022-03-29,29,th,3,Tuesday,TUE,T,29,88,5,14,3,March,MAR,M,1,First,2022,032022,2022MAR,False,False,,,,,,2022-01-01,2022-12-31,2022-01-01,2022-03-31,2022-03-01,2022-03-31,2022-03-27,2022-04-02,0,0,0,3,23
20220330,2022-03-30,30,th,4,Wednesday,WED,W,30,89,5,14,3,March,MAR,M,1,First,2022,032022,2022MAR,False,False,,,,,,2022-01-01,2022-12-31,2022-01-01,2022-03-31,2022-03-01,2022-03-31,2022-03-27,2022-04-02,0,0,0,3,24
20220331,2022-03-31,31,st,5,Thursday,THU,T,31,90,5,14,3,March,MAR,M,1,First,2022,032022,2022MAR,False,False,,,,,,2022-01-01,2022-12-31,2022-01-01,2022-03-31,2022-03-01,2022-03-31,2022-03-27,2022-04-02,0,0,0,3,25
20220401,2022-04-01,1,st,6,Friday,FRI,F,1,91,1,14,4,April,APR,A,2,second,2022,042022,2022APR,False,False,,,,,,2022-01-01,2022-12-31,2022-01-01,2022-03-31,2022-04-01,2022-04-30,2022-03-27,2022-04-02,0,1,1,3,26
20220402,2022-04-02,2,nd,7,Saturday,SAT,S,2,92,1,14,4,April,APR,A,2,second,2022,042022,2022APR,True,False,,,,,,2022-01-01,2022-12-31,2022-01-01,2022-03-31,2022-04-01,2022-04-30,2022-03-27,2022-04-02,0,1,1,3,27
20220403,2022-04-03,3,rd,1,Sunday,SUN,S,3,93,2,15,4,April,APR,A,2,second,2022,042022,2022APR,True,False,,,,,,2022-01-01,2022-12-31,2022-01-01,2022-03-31,2022-04-01,2022-04-30,2022-04-03,2022-04-09,0,1,1,4,28
20220404,2022-04-04,4,th,2,Monday,MON,M,4,94,2,15,4,April,APR,A,2,second,2022,042022,2022APR,False,False,,,,,,2022-01-01,2022-12-31,2022-01-01,2022-03-31,2022-04-01,2022-04-30,2022-04-03,2022-04-09,0,1,1,4,29
20220405,2022-04-05,5,th,3,Tuesday,TUE,T,5,95,2,15,4,April,APR,A,2,second,2022,042022,2022APR,False,False,,,,,,2022-01-01,2022-12-31,2022-01-01,2022-03-31,2022-04-01,2022-04-30,2022-04-03,2022-04-09,0,1,1,4,30
20220406,2022-04-06,6,th,4,Wednesday,WED,W,6,96,2,15,4,April,APR,A,2,second,2022,042022,2022APR,False,False,,,,,,2022-01-01,2022-12-31,2022-01-01,2022-03-31,2022-04-01,2022-04-30,2022-04-03,2022-04-09,0,1,1,4,31
20220407,2022-04-07,7,th,5,Thursday,THU,T,7,97,2,15,4,April,APR,A,2,second,2022,042022,2022APR,False,False,,,,,,2022-01-01,2022-12-31,2022-01-01,2022-03-31,2022-04-01,2022-04-30,2022-04-03,2022-04-09,0,1,1,4,32
20220408,2022-04-08,8,th,6,Friday,FRI,F,8,98,2,15,4,April,APR,A,2,second,2022,042022,2022APR,False,False,,,,,,2022-01-01,2022-12-31,2022-01-01,2022-03-31,2022-04-01,2022-04-30,2022-04-03,2022-04-09,0,1,1,4,33
20220409,2022-04-09,9,th,7,Saturday,SAT,S,9,99,2,15,4,April,APR,A,2,second,2022,042022,2022APR,True,False,,,,,,2022-01-01,2022-12-31,2022-01-01,2022-03-31,2022-04-01,2022-04-30,2022-04-03,2022-04-09,0,1,1,4,34
20220410,2022-04-10,10,th,1,Sunday,SUN,S,10,100,3,16,4,April,APR,A,2,second,2022,042022,2022APR,True,False,,,,,,2022-01-01,2022-12-31,2022-01-01,2022-03-31,2022-04-01,2022-04-30,2022-04-10,2022-04-16,0,1,1,5,35
20220411,2022-04-11,11,th,2,Monday,MON,M,11,101,3,16,4,April,APR,A,2,second,2022,042022,2022APR,False,False,,,,,,2022-01-01,2022-12-31,2022-01-01,2022-03-31,2022-04-01,2022-04-30,2022-04-10,2022-04-16,0,1,1,5,36
20220412,2022-04-12,12,th,3,Tuesday,TUE,T,12,102,3,16,4,April,APR,A,2,second,2022,042022,2022APR,False,False,,,,,,2022-01-01,2022-12-31,2022-01-01,2022-03-31,2022-04-01,2022-04-30,2022-04-10,2022-04-16,0,1,1,5,37
20220413,2022-04-13,13,th,4,Wednesday,WED,W,13,103,3,16,4,April,APR,A,2,second,2022,042022,2022APR,False,False,,,,,,2022-01-01,2022-12-31,2022-01-01,2022-03-31,2022-04-01,2022-04-30,2022-04-10,2022-04-16,0,1,1,5,38
20220414,2022-04-14,14,th,5,Thursday,THU,T,14,104,3,16,4,April,APR,A,2,second,2022,042022,2022APR,False,False,,,,,,2022-01-01,2022-12-31,2022-01-01,2022-03-31,2022-04-01,2022-04-30,2022-04-10,2022-04-16,0,1,1,5,39
